{"count":1,"self":754.0950528,"total":15794.0500812,"children":{"AgentResetIfDone":{"count":600002,"self":1.7867051999999999,"total":1.7867050999999998,"children":null},"AgentSendState":{"count":600002,"self":9.1849288,"total":10.333726799999999,"children":{"CollectObservations":{"count":600002,"self":1.1487979,"total":1.1487979,"children":null}}},"DecideAction":{"count":600002,"self":8211.648512,"total":15001.5673796,"children":{"AgentInfo.ToProto":{"count":600002,"self":21.335152,"total":6789.9189559999995,"children":{"RenderTexSensor.GetCompressedObservation":{"count":600002,"self":6768.5838847999994,"total":6768.5838037999993,"children":null}}}}},"AcademyStep":{"count":600002,"self":0.73923949999999994,"total":0.73923949999999994,"children":null},"AgentAct":{"count":600002,"self":25.5250032,"total":25.5250025,"children":null}}}