{"count":1,"self":258.5117696,"total":13961.4108798,"children":{"AgentResetIfDone":{"count":199937,"self":0.930858,"total":0.930858,"children":null},"AgentSendState":{"count":199937,"self":3.8004127999999997,"total":4.1000894,"children":{"CollectObservations":{"count":199937,"self":0.2996764,"total":0.2996764,"children":null}}},"DecideAction":{"count":199937,"self":13046.136832,"total":13687.900306099998,"children":{"AgentInfo.ToProto":{"count":199937,"self":8.6900864,"total":641.7637892,"children":{"RenderTexSensor.GetCompressedObservation":{"count":199937,"self":633.07371519999992,"total":633.0737025,"children":null}}}}},"AcademyStep":{"count":199937,"self":0.2948688,"total":0.2948688,"children":null},"AgentAct":{"count":199937,"self":9.671002399999999,"total":9.6710026,"children":null}}}