{"count":1,"self":379.19751679999996,"total":6703.9644089999993,"children":{"AgentResetIfDone":{"count":310064,"self":0.7904135,"total":0.7904135,"children":null},"AgentSendState":{"count":310064,"self":3.1806604,"total":3.6899417999999997,"children":{"CollectObservations":{"count":310064,"self":0.50928129999999994,"total":0.50928129999999994,"children":null}}},"DecideAction":{"count":310064,"self":1996.1243648,"total":6135.9338614,"children":{"AgentInfo.ToProto":{"count":310064,"self":5.013774,"total":4139.8095171999994,"children":{"RenderTexSensor.GetCompressedObservation":{"count":310064,"self":4134.7956736,"total":4134.7957430999995,"children":null}}}}},"AcademyStep":{"count":310064,"self":0.518559,"total":0.518559,"children":null},"AgentAct":{"count":310064,"self":183.8331264,"total":183.8331293,"children":null}}}