{"count":1,"self":78.1406976,"total":1305.4055282,"children":{"AgentResetIfDone":{"count":61837,"self":0.217323,"total":0.217323,"children":null},"AgentSendState":{"count":61837,"self":1.0151682,"total":1.0870149999999998,"children":{"CollectObservations":{"count":61837,"self":0.0718468,"total":0.0718468,"children":null}}},"DecideAction":{"count":61837,"self":373.39194879999997,"total":1224.7464565999999,"children":{"AgentInfo.ToProto":{"count":61837,"self":1.8649664,"total":851.3545103,"children":{"RenderTexSensor.GetCompressedObservation":{"count":61837,"self":849.4895616,"total":849.4895439,"children":null}}}}},"AcademyStep":{"count":61837,"self":0.0748751,"total":0.0748751,"children":null},"AgentAct":{"count":61837,"self":1.1371642,"total":1.1371642,"children":null}}}