{"count":1,"self":97.2229632,"total":17065.2881486,"children":{"AgentResetIfDone":{"count":63741,"self":0.2497983,"total":0.2497983,"children":null},"AgentSendState":{"count":63741,"self":1.0925588,"total":1.2218788999999999,"children":{"CollectObservations":{"count":63741,"self":0.1293201,"total":0.1293201,"children":null}}},"DecideAction":{"count":63741,"self":16375.0199296,"total":16963.7013356,"children":{"AgentInfo.ToProto":{"count":63741,"self":9.0644656,"total":588.6809326,"children":{"RenderTexSensor.GetCompressedObservation":{"count":1274820,"self":579.6164608,"total":579.61646669999993,"children":null}}}}},"AcademyStep":{"count":63741,"self":0.0788733,"total":0.0788733,"children":null},"AgentAct":{"count":63741,"self":2.8113036,"total":2.8113037,"children":null}}}