{"count":1,"self":700.676608,"total":17151.6590871,"children":{"AgentResetIfDone":{"count":460131,"self":1.5369694999999999,"total":1.5369694999999999,"children":null},"AgentSendState":{"count":460131,"self":6.7643856,"total":7.5951089,"children":{"CollectObservations":{"count":460131,"self":0.8307232,"total":0.8307232,"children":null}}},"DecideAction":{"count":460131,"self":13067.6957184,"total":16425.2378416,"children":{"AgentInfo.ToProto":{"count":460131,"self":53.4914464,"total":3357.5424506,"children":{"RenderTexSensor.GetCompressedObservation":{"count":9202620,"self":3304.0510976,"total":3304.0510055,"children":null}}}}},"AcademyStep":{"count":460131,"self":0.604966,"total":0.604966,"children":null},"AgentAct":{"count":460131,"self":16.0045792,"total":16.0045789,"children":null}}}