{"count":1,"self":302.71999999999997,"total":6298.9053952999993,"children":{"AgentResetIfDone":{"count":249919,"self":0.72098699999999993,"total":0.72098699999999993,"children":null},"AgentSendState":{"count":249919,"self":2.7762464,"total":3.2501624,"children":{"CollectObservations":{"count":249919,"self":0.473916,"total":0.473916,"children":null}}},"DecideAction":{"count":249919,"self":2942.4234496,"total":5766.7381753,"children":{"AgentInfo.ToProto":{"count":249919,"self":5.8084596,"total":2824.3148126,"children":{"RenderTexSensor.GetCompressedObservation":{"count":249919,"self":2818.5063424,"total":2818.5063529999998,"children":null}}}}},"AcademyStep":{"count":249919,"self":0.2910625,"total":0.2910625,"children":null},"AgentAct":{"count":249919,"self":225.1830272,"total":225.1830206,"children":null}}}