{"count":1,"self":458.1756416,"total":7615.1636986999993,"children":{"AgentResetIfDone":{"count":360945,"self":1.0587940999999998,"total":1.0587940999999998,"children":null},"AgentSendState":{"count":360945,"self":5.1319096,"total":5.8183634999999994,"children":{"CollectObservations":{"count":360945,"self":0.6864541,"total":0.6864541,"children":null}}},"DecideAction":{"count":360945,"self":2008.1680384,"total":7138.6750905,"children":{"AgentInfo.ToProto":{"count":360945,"self":11.2671984,"total":5130.5069803999995,"children":{"RenderTexSensor.GetCompressedObservation":{"count":360945,"self":5119.2397824,"total":5119.2397815999993,"children":null}}}}},"AcademyStep":{"count":360945,"self":0.52248129999999993,"total":0.52248129999999993,"children":null},"AgentAct":{"count":360945,"self":10.911318399999999,"total":10.911318699999999,"children":null}}}