{"count":1,"self":1211.3856512,"total":19933.3658807,"children":{"AgentResetIfDone":{"count":942063,"self":3.140031,"total":3.140031,"children":null},"AgentSendState":{"count":942063,"self":14.8274128,"total":16.7608699,"children":{"CollectObservations":{"count":942063,"self":1.9334575999999999,"total":1.9334575999999999,"children":null}}},"DecideAction":{"count":942063,"self":5390.4490496,"total":18687.7471076,"children":{"AgentInfo.ToProto":{"count":942063,"self":39.8804672,"total":13297.2979581,"children":{"RenderTexSensor.GetCompressedObservation":{"count":942063,"self":13257.4175232,"total":13257.417491799999,"children":null}}}}},"AcademyStep":{"count":942063,"self":1.2407411,"total":1.2407411,"children":null},"AgentAct":{"count":942063,"self":13.08948,"total":13.08948,"children":null}}}