{"count":1,"self":457.4964224,"total":8427.6292768,"children":{"AgentResetIfDone":{"count":366809,"self":1.2422054,"total":1.2422054,"children":null},"AgentSendState":{"count":366809,"self":5.730376,"total":6.2040438999999994,"children":{"CollectObservations":{"count":366809,"self":0.4736679,"total":0.4736679,"children":null}}},"DecideAction":{"count":366809,"self":3310.1256703999998,"total":7955.9486876,"children":{"AgentInfo.ToProto":{"count":366809,"self":6.0785884,"total":4645.8230564999994,"children":{"RenderTexSensor.GetCompressedObservation":{"count":366809,"self":4639.7444096,"total":4639.744468,"children":null}}}}},"AcademyStep":{"count":366809,"self":0.5985687,"total":0.5985687,"children":null},"AgentAct":{"count":366809,"self":6.1373619999999995,"total":6.1373619999999995,"children":null}}}