{"count":1,"self":504.8679424,"total":9412.6683851,"children":{"AgentResetIfDone":{"count":393980,"self":1.3250849999999998,"total":1.3250849999999998,"children":null},"AgentSendState":{"count":393980,"self":6.2126924,"total":6.9877411999999994,"children":{"CollectObservations":{"count":393980,"self":0.7750488,"total":0.7750488,"children":null}}},"DecideAction":{"count":393980,"self":3779.1985664,"total":8883.0367155,"children":{"AgentInfo.ToProto":{"count":393980,"self":12.2687808,"total":5103.8380146,"children":{"RenderTexSensor.GetCompressedObservation":{"count":393980,"self":5091.5692543999994,"total":5091.5692340999994,"children":null}}}}},"AcademyStep":{"count":393980,"self":0.5345708,"total":0.5345708,"children":null},"AgentAct":{"count":393980,"self":15.9143504,"total":15.9143499,"children":null}}}