{"count":1,"self":1.4616825,"total":62.2648588,"children":{"AgentResetIfDone":{"count":359,"self":0.0090067999999999988,"total":0.0090067999999999988,"children":null},"AgentSendState":{"count":359,"self":0.0569297,"total":0.0579465,"children":{"CollectObservations":{"count":359,"self":0.0010168,"total":0.0010168,"children":null}}},"DecideAction":{"count":359,"self":57.696006399999995,"total":60.7272538,"children":{"AgentInfo.ToProto":{"count":359,"self":0.1129616,"total":3.0312444,"children":{"RenderTexSensor.GetCompressedObservation":{"count":7180,"self":2.9182828,"total":2.9182828,"children":null}}}}},"AcademyStep":{"count":359,"self":0,"total":0,"children":null},"AgentAct":{"count":359,"self":0.0069704999999999993,"total":0.0069704999999999993,"children":null}}}