{"count":1,"self":45.590812799999995,"total":1071.3423079,"children":{"AgentResetIfDone":{"count":51444,"self":0.12666539999999998,"total":0.12666539999999998,"children":null},"AgentSendState":{"count":51444,"self":0.7112069,"total":0.81290849999999992,"children":{"CollectObservations":{"count":51444,"self":0.10170159999999999,"total":0.10170159999999999,"children":null}}},"DecideAction":{"count":51444,"self":276.176,"total":1024.6200476,"children":{"AgentInfo.ToProto":{"count":51444,"self":1.6051423999999999,"total":748.4440387,"children":{"CameraSensor.GetCompressedObservation":{"count":51444,"self":746.8388864,"total":746.8388963,"children":null}}}}},"AcademyStep":{"count":51444,"self":0.0659613,"total":0.0659613,"children":null},"AgentAct":{"count":51444,"self":0.12391809999999999,"total":0.12391809999999999,"children":null}}}