{"count":1,"self":291.47120639999997,"total":6809.4364888,"children":{"AgentResetIfDone":{"count":329934,"self":0.56646469999999993,"total":0.56646469999999993,"children":null},"AgentSendState":{"count":329934,"self":2.9158236,"total":3.2936495,"children":{"CollectObservations":{"count":329934,"self":0.3778259,"total":0.3778259,"children":null}}},"DecideAction":{"count":329934,"self":1657.8941952,"total":6513.0644808,"children":{"AgentInfo.ToProto":{"count":329934,"self":7.9936304,"total":4855.1703103,"children":{"CameraSensor.GetCompressedObservation":{"count":329934,"self":4847.1764992,"total":4847.1766800999994,"children":null}}}}},"AcademyStep":{"count":329934,"self":0.39366829999999997,"total":0.39366829999999997,"children":null},"AgentAct":{"count":329934,"self":0.645013,"total":0.645013,"children":null}}}