{"count":1,"self":88.0851264,"total":1608.2787334999998,"children":{"AgentResetIfDone":{"count":69894,"self":0.23372169999999998,"total":0.23372169999999998,"children":null},"AgentSendState":{"count":69894,"self":1.1297605,"total":1.2106154,"children":{"CollectObservations":{"count":69894,"self":0.0808549,"total":0.0808549,"children":null}}},"DecideAction":{"count":69894,"self":618.20989439999994,"total":1517.3410537999998,"children":{"AgentInfo.ToProto":{"count":69894,"self":1.7322347999999999,"total":899.13113509999994,"children":{"RenderTexSensor.GetCompressedObservation":{"count":69894,"self":897.39888639999992,"total":897.39890029999992,"children":null}}}}},"AcademyStep":{"count":69894,"self":0.095897799999999991,"total":0.095897799999999991,"children":null},"AgentAct":{"count":69894,"self":1.310317,"total":1.310317,"children":null}}}