{"count":1,"self":49.7432064,"total":10445.9709283,"children":{"AgentResetIfDone":{"count":30049,"self":0.10167749999999999,"total":0.10167749999999999,"children":null},"AgentSendState":{"count":30049,"self":0.49312249999999996,"total":0.5410119,"children":{"CollectObservations":{"count":30049,"self":0.0478894,"total":0.0478894,"children":null}}},"DecideAction":{"count":30049,"self":10168.8369152,"total":10394.4576704,"children":{"AgentInfo.ToProto":{"count":30049,"self":3.6376527999999997,"total":225.6205938,"children":{"RenderTexSensor.GetCompressedObservation":{"count":600980,"self":221.9829504,"total":221.9829412,"children":null}}}}},"AcademyStep":{"count":30049,"self":0.0319582,"total":0.0319582,"children":null},"AgentAct":{"count":30049,"self":1.0933876999999999,"total":1.0933876999999999,"children":null}}}