{"count":1,"self":978.52805119999994,"total":16728.079767299998,"children":{"AgentResetIfDone":{"count":763377,"self":2.30564,"total":2.3056399,"children":null},"AgentSendState":{"count":763377,"self":10.7928936,"total":12.222296799999999,"children":{"CollectObservations":{"count":763377,"self":1.4294034999999998,"total":1.4294034999999998,"children":null}}},"DecideAction":{"count":763377,"self":5065.5576064,"total":15722.629626299999,"children":{"AgentInfo.ToProto":{"count":763377,"self":29.093555199999997,"total":10657.0718583,"children":{"RenderTexSensor.GetCompressedObservation":{"count":763377,"self":10627.9780352,"total":10627.9783041,"children":null}}}}},"AcademyStep":{"count":763377,"self":0.94458349999999991,"total":0.94458349999999991,"children":null},"AgentAct":{"count":763377,"self":11.447599199999999,"total":11.4475989,"children":null}}}