{"count":1,"self":48.0180608,"total":1070.3973724,"children":{"AgentResetIfDone":{"count":51432,"self":0.1715229,"total":0.1715229,"children":null},"AgentSendState":{"count":51432,"self":0.765548,"total":0.89395039999999992,"children":{"CollectObservations":{"count":51432,"self":0.1284024,"total":0.1284024,"children":null}}},"DecideAction":{"count":51432,"self":286.5490688,"total":1021.0830245999999,"children":{"AgentInfo.ToProto":{"count":51432,"self":2.0610684,"total":734.5339589,"children":{"CameraSensor.GetCompressedObservation":{"count":51432,"self":732.4728832,"total":732.4728904,"children":null}}}}},"AcademyStep":{"count":51432,"self":0.079946599999999993,"total":0.079946599999999993,"children":null},"AgentAct":{"count":51432,"self":0.1488679,"total":0.1488679,"children":null}}}