{"count":1,"self":17.0871712,"total":712.82423299999994,"children":{"AgentResetIfDone":{"count":13501,"self":0.0289554,"total":0.0289554,"children":null},"AgentSendState":{"count":13501,"self":0.1803283,"total":0.19830019999999998,"children":{"CollectObservations":{"count":13501,"self":0.0179719,"total":0.0179719,"children":null}}},"DecideAction":{"count":13501,"self":607.4304512,"total":694.9564656,"children":{"AgentInfo.ToProto":{"count":13501,"self":0.48639519999999997,"total":87.5260098,"children":{"RenderTexSensor.GetCompressedObservation":{"count":13501,"self":87.039616,"total":87.0396146,"children":null}}}}},"AcademyStep":{"count":13501,"self":0.0180021,"total":0.0180021,"children":null},"AgentAct":{"count":13501,"self":0.532341,"total":0.532341,"children":null}}}