{"count":1,"self":145.6505984,"total":25167.5343387,"children":{"AgentResetIfDone":{"count":93659,"self":0.3396684,"total":0.3396684,"children":null},"AgentSendState":{"count":93659,"self":1.5097497,"total":1.6252197,"children":{"CollectObservations":{"count":93659,"self":0.11546999999999999,"total":0.11546999999999999,"children":null}}},"DecideAction":{"count":93659,"self":24213.528576,"total":25015.6254615,"children":{"AgentInfo.ToProto":{"count":93659,"self":12.714096,"total":802.09671429999992,"children":{"RenderTexSensor.GetCompressedObservation":{"count":1873180,"self":789.3826048,"total":789.3826187,"children":null}}}}},"AcademyStep":{"count":93659,"self":0.14693029999999999,"total":0.14693029999999999,"children":null},"AgentAct":{"count":93659,"self":4.1434771999999995,"total":4.1434771,"children":null}}}