{"count":1,"self":472.59499519999997,"total":8065.9917357999993,"children":{"AgentResetIfDone":{"count":373597,"self":1.2640400999999999,"total":1.2640400999999999,"children":null},"AgentSendState":{"count":373597,"self":5.885472,"total":6.3705241,"children":{"CollectObservations":{"count":373597,"self":0.4850523,"total":0.4850523,"children":null}}},"DecideAction":{"count":373597,"self":2387.6022272,"total":7578.8754478,"children":{"AgentInfo.ToProto":{"count":373597,"self":8.82092,"total":5191.2732371,"children":{"RenderTexSensor.GetCompressedObservation":{"count":373597,"self":5182.4521215999994,"total":5182.4523173,"children":null}}}}},"AcademyStep":{"count":373597,"self":0.6199644,"total":0.6199644,"children":null},"AgentAct":{"count":373597,"self":6.2647559999999993,"total":6.2647562,"children":null}}}