{"count":1,"self":336.76019199999996,"total":6203.011092,"children":{"AgentResetIfDone":{"count":264088,"self":0.7954089,"total":0.7954089,"children":null},"AgentSendState":{"count":264088,"self":3.0159507999999997,"total":3.5118489,"children":{"CollectObservations":{"count":264088,"self":0.49589799999999995,"total":0.49589799999999995,"children":null}}},"DecideAction":{"count":264088,"self":2439.6558336,"total":5620.5594014,"children":{"AgentInfo.ToProto":{"count":264088,"self":7.8225712,"total":3180.9035661,"children":{"RenderTexSensor.GetCompressedObservation":{"count":264088,"self":3173.081088,"total":3173.0809952,"children":null}}}}},"AcademyStep":{"count":264088,"self":0.277008,"total":0.277008,"children":null},"AgentAct":{"count":264088,"self":241.10525439999998,"total":241.10525429999998,"children":null}}}