{"count":1,"self":95.985279999999989,"total":2273.875099,"children":{"AgentResetIfDone":{"count":110040,"self":0.24498969999999998,"total":0.24498969999999998,"children":null},"AgentSendState":{"count":110040,"self":1.1636905,"total":1.3203433,"children":{"CollectObservations":{"count":110040,"self":0.15665279999999998,"total":0.15665279999999998,"children":null}}},"DecideAction":{"count":110040,"self":550.45734399999992,"total":2176.0231332999997,"children":{"AgentInfo.ToProto":{"count":110040,"self":2.133212,"total":1625.5657707999999,"children":{"CameraSensor.GetCompressedObservation":{"count":110040,"self":1623.4326016,"total":1623.4325588,"children":null}}}}},"AcademyStep":{"count":110040,"self":0.1037756,"total":0.1037756,"children":null},"AgentAct":{"count":110040,"self":0.1955785,"total":0.1955785,"children":null}}}