{"count":1,"self":147.13152,"total":21072.039119999998,"children":{"AgentResetIfDone":{"count":97935,"self":0.357691,"total":0.357691,"children":null},"AgentSendState":{"count":97935,"self":1.6117495,"total":1.7794917,"children":{"CollectObservations":{"count":97935,"self":0.16774219999999998,"total":0.16774219999999998,"children":null}}},"DecideAction":{"count":97935,"self":19979.4163712,"total":20918.7789646,"children":{"AgentInfo.ToProto":{"count":97935,"self":13.926432,"total":939.36318139999992,"children":{"RenderTexSensor.GetCompressedObservation":{"count":1958700,"self":925.4367232,"total":925.4367486,"children":null}}}}},"AcademyStep":{"count":97935,"self":0.1196512,"total":0.1196512,"children":null},"AgentAct":{"count":97935,"self":3.8698056,"total":3.8698058,"children":null}}}