{"count":1,"self":943.202816,"total":16808.4887784,"children":{"AgentResetIfDone":{"count":762217,"self":2.5389436,"total":2.5389435,"children":null},"AgentSendState":{"count":762217,"self":11.608328,"total":12.6118267,"children":{"CollectObservations":{"count":762217,"self":1.0034988,"total":1.0034988,"children":null}}},"DecideAction":{"count":762217,"self":6572.4219391999995,"total":15838.7388221,"children":{"AgentInfo.ToProto":{"count":762217,"self":23.1601008,"total":9266.316702,"children":{"RenderTexSensor.GetCompressedObservation":{"count":762217,"self":9243.15648,"total":9243.1566009999988,"children":null}}}}},"AcademyStep":{"count":762217,"self":0.81732909999999992,"total":0.81732909999999992,"children":null},"AgentAct":{"count":762217,"self":10.5760288,"total":10.5760291,"children":null}}}