{"count":1,"self":13.275246399999999,"total":305.0325295,"children":{"AgentResetIfDone":{"count":8620,"self":0.0489652,"total":0.0489652,"children":null},"AgentSendState":{"count":8620,"self":0.1393309,"total":0.1483243,"children":{"CollectObservations":{"count":8620,"self":0.0089934,"total":0.0089934,"children":null}}},"DecideAction":{"count":8620,"self":260.1166592,"total":291.1471957,"children":{"AgentInfo.ToProto":{"count":8620,"self":0.3775002,"total":31.0305246,"children":{"RenderTexSensor.GetCompressedObservation":{"count":8620,"self":30.653024,"total":30.6530244,"children":null}}}}},"AcademyStep":{"count":8620,"self":0.0099957999999999991,"total":0.0099957999999999991,"children":null},"AgentAct":{"count":8620,"self":0.4008041,"total":0.4008041,"children":null}}}