{"count":1,"self":778.28735999999992,"total":15181.034211799999,"children":{"AgentResetIfDone":{"count":600002,"self":1.9406046,"total":1.9406046,"children":null},"AgentSendState":{"count":600002,"self":9.5136463999999989,"total":10.812833099999999,"children":{"CollectObservations":{"count":600002,"self":1.2991863,"total":1.2991863,"children":null}}},"DecideAction":{"count":600002,"self":7386.488832,"total":14365.3021171,"children":{"AgentInfo.ToProto":{"count":600002,"self":17.69996,"total":6978.8129217,"children":{"RenderTexSensor.GetCompressedObservation":{"count":600002,"self":6961.1126784,"total":6961.1129622,"children":null}}}}},"AcademyStep":{"count":600002,"self":0.7458007,"total":0.7458007,"children":null},"AgentAct":{"count":600002,"self":23.9424848,"total":23.942484999999998,"children":null}}}