{"count":1,"self":4.8213456,"total":95.74387879999999,"children":{"AgentResetIfDone":{"count":4284,"self":0.0079651,"total":0.0079651,"children":null},"AgentSendState":{"count":4284,"self":0.0746964,"total":0.079667599999999991,"children":{"CollectObservations":{"count":4284,"self":0.0049711999999999994,"total":0.0049711999999999994,"children":null}}},"DecideAction":{"count":4284,"self":27.775484799999997,"total":90.8209181,"children":{"AgentInfo.ToProto":{"count":4284,"self":0.2039798,"total":63.045433599999996,"children":{"CameraSensor.GetCompressedObservation":{"count":4284,"self":62.8414528,"total":62.8414538,"children":null}}}}},"AcademyStep":{"count":4284,"self":0.0019982,"total":0.0019982,"children":null},"AgentAct":{"count":4284,"self":0.0090029,"total":0.0090029,"children":null}}}