{"count":1,"self":99.7677696,"total":6005.0497379,"children":{"AgentResetIfDone":{"count":69185,"self":0.236138,"total":0.236138,"children":null},"AgentSendState":{"count":69185,"self":1.1853588,"total":1.3382891,"children":{"CollectObservations":{"count":69185,"self":0.1529303,"total":0.1529303,"children":null}}},"DecideAction":{"count":69185,"self":5232.1800192,"total":5900.9155661999994,"children":{"AgentInfo.ToProto":{"count":69185,"self":9.8269104,"total":668.7353991,"children":{"RenderTexSensor.GetCompressedObservation":{"count":1383700,"self":658.9084672,"total":658.9084889,"children":null}}}}},"AcademyStep":{"count":69185,"self":0.0920201,"total":0.0920201,"children":null},"AgentAct":{"count":69185,"self":2.6969588,"total":2.6969589,"children":null}}}