{"count":1,"self":1.6006284,"total":32.6638721,"children":{"AgentResetIfDone":{"count":140,"self":0,"total":0,"children":null},"AgentSendState":{"count":140,"self":0.0029977,"total":0.0049927999999999995,"children":{"CollectObservations":{"count":140,"self":0.0019951,"total":0.0019951,"children":null}}},"DecideAction":{"count":140,"self":29.257206399999998,"total":31.0462669,"children":{"AgentInfo.ToProto":{"count":140,"self":0.1079265,"total":1.7890616,"children":{"RenderTexSensor.GetCompressedObservation":{"count":2800,"self":1.6811352,"total":1.6811350999999999,"children":null}}}}},"AcademyStep":{"count":140,"self":0,"total":0,"children":null},"AgentAct":{"count":140,"self":0.0089839999999999989,"total":0.0089839999999999989,"children":null}}}