{"count":1,"self":527.9329792,"total":10021.707149599999,"children":{"AgentResetIfDone":{"count":435160,"self":1.3804564,"total":1.3804564,"children":null},"AgentSendState":{"count":435160,"self":6.2576567999999995,"total":6.7688445999999995,"children":{"CollectObservations":{"count":435160,"self":0.5111877,"total":0.5111877,"children":null}}},"DecideAction":{"count":435160,"self":3893.9389951999997,"total":9478.6803804,"children":{"AgentInfo.ToProto":{"count":435160,"self":11.8731896,"total":5584.7414230999993,"children":{"RenderTexSensor.GetCompressedObservation":{"count":435160,"self":5572.868096,"total":5572.8682334,"children":null}}}}},"AcademyStep":{"count":435160,"self":0.5147366,"total":0.5147366,"children":null},"AgentAct":{"count":435160,"self":6.4277308,"total":6.4277308999999994,"children":null}}}