{"count":1,"self":194.32703999999998,"total":11943.763620599999,"children":{"AgentResetIfDone":{"count":126349,"self":0.45260449999999997,"total":0.45260449999999997,"children":null},"AgentSendState":{"count":126349,"self":2.2096956,"total":2.4805648,"children":{"CollectObservations":{"count":126349,"self":0.2708693,"total":0.2708693,"children":null}}},"DecideAction":{"count":126349,"self":10457.6507904,"total":11741.6493392,"children":{"AgentInfo.ToProto":{"count":126349,"self":17.8543456,"total":1283.9986466,"children":{"RenderTexSensor.GetCompressedObservation":{"count":2526980,"self":1266.144256,"total":1266.1443015999998,"children":null}}}}},"AcademyStep":{"count":126349,"self":0.1352014,"total":0.1352014,"children":null},"AgentAct":{"count":126349,"self":4.714874,"total":4.7148740999999994,"children":null}}}