{"count":1,"self":179.8146304,"total":190.3320178,"children":{"AgentResetIfDone":{"count":9399,"self":0.0197438,"total":0.0197438,"children":null},"AgentSendState":{"count":9399,"self":0.63519209999999993,"total":10.015833299999999,"children":{"CollectObservations":{"count":9399,"self":0.0088339,"total":0.0088339,"children":null},"RenderTexSensor.GetCompressedObservation":{"count":9399,"self":9.3718072,"total":9.3718073,"children":null}}},"DecideAction":{"count":9399,"self":0.056881299999999996,"total":0.056881299999999996,"children":null},"AcademyStep":{"count":9399,"self":0.0349287,"total":0.0349287,"children":null},"AgentAct":{"count":9399,"self":0.38897309999999996,"total":0.38897309999999996,"children":null}}}