{"count":1,"self":35.676134399999995,"total":35.690093399999995,"children":{"AgentResetIfDone":{"count":1743,"self":0.0010046,"total":0.0010046,"children":null},"AgentSendState":{"count":1743,"self":0.0029968,"total":0.0029968,"children":{"CollectObservations":{"count":1743,"self":0,"total":0,"children":null}}},"DecideAction":{"count":1743,"self":0.0019990999999999997,"total":0.0019990999999999997,"children":null},"AcademyStep":{"count":1743,"self":0.0009994,"total":0.0009994,"children":null},"AgentAct":{"count":1743,"self":0.0059587999999999993,"total":0.0059587999999999993,"children":null}}}