{"count":1,"self":53.848,"total":99.1022306,"children":{"AgentResetIfDone":{"count":4853,"self":0.0039821,"total":0.0039821,"children":null},"AgentSendState":{"count":4853,"self":1.7267257999999999,"total":44.9477608,"children":{"CollectObservations":{"count":4853,"self":0.0060326,"total":0.0060326,"children":null},"RenderTexSensor.GetCompressedObservation":{"count":97060,"self":43.2150016,"total":43.215002399999996,"children":null}}},"DecideAction":{"count":4853,"self":0.044862099999999995,"total":0.044862099999999995,"children":null},"AcademyStep":{"count":4853,"self":0.0239428,"total":0.0239428,"children":null},"AgentAct":{"count":4853,"self":0.2326807,"total":0.2326807,"children":null}}}