{"count":1,"self":7798.2998528,"total":13861.3197767,"children":{"AgentResetIfDone":{"count":600002,"self":1.5773507,"total":1.5773507,"children":null},"AgentSendState":{"count":600002,"self":3.9825451999999997,"total":4.8468314999999995,"children":{"CollectObservations":{"count":600002,"self":0.8642862,"total":0.8642862,"children":null}}},"DecideAction":{"count":600002,"self":5736.3533824,"total":6040.5208096999995,"children":{"AgentInfo.ToProto":{"count":600002,"self":20.5782848,"total":304.1673241,"children":{"RenderTexSensor.GetCompressedObservation":{"count":600002,"self":283.5890432,"total":283.5890396,"children":null}}}}},"AcademyStep":{"count":600002,"self":2.2972878,"total":2.2972878,"children":null},"AgentAct":{"count":600002,"self":13.776776,"total":13.7767755,"children":null}}}