{"count":1,"self":1729.4090239999998,"total":23925.5687851,"children":{"AgentResetIfDone":{"count":235951,"self":2.0799122,"total":2.0799122,"children":null},"AgentSendState":{"count":235951,"self":4.3084175999999994,"total":4.9867754999999994,"children":{"CollectObservations":{"count":235951,"self":0.678358,"total":0.678358,"children":null}}},"DecideAction":{"count":235951,"self":22080.1810432,"total":22179.374367599998,"children":{"AgentInfo.ToProto":{"count":235951,"self":7.3903184,"total":99.1931438,"children":{"RenderTexSensor.GetCompressedObservation":{"count":235951,"self":91.8028224,"total":91.8028252,"children":null}}}}},"AcademyStep":{"count":235951,"self":0.837204,"total":0.837204,"children":null},"AgentAct":{"count":235951,"self":8.8794416,"total":8.8794419,"children":null}}}