{"count":1,"self":414.99471359999995,"total":1902.2292062,"children":{"AgentResetIfDone":{"count":38276,"self":0.2345729,"total":0.2345729,"children":null},"AgentSendState":{"count":38276,"self":0.5222888,"total":0.6377783,"children":{"CollectObservations":{"count":38276,"self":0.1154895,"total":0.1154895,"children":null}}},"DecideAction":{"count":38276,"self":1467.3601535999999,"total":1485.3548074,"children":{"AgentInfo.ToProto":{"count":38276,"self":1.2311170999999999,"total":17.994681399999997,"children":{"RenderTexSensor.GetCompressedObservation":{"count":38276,"self":16.763564799999997,"total":16.7635643,"children":null}}}}},"AcademyStep":{"count":38276,"self":0.1404692,"total":0.1404692,"children":null},"AgentAct":{"count":38276,"self":0.86587609999999993,"total":0.86587609999999993,"children":null}}}