{"count":1,"self":97.165030399999992,"total":146.8321651,"children":{"AgentResetIfDone":{"count":6899,"self":0.0159189,"total":0.0159189,"children":null},"AgentSendState":{"count":6899,"self":0.0264417,"total":0.0314258,"children":{"CollectObservations":{"count":6899,"self":0.0049841,"total":0.0049841,"children":null}}},"DecideAction":{"count":6899,"self":40.4307616,"total":49.5405568,"children":{"CameraSensor.WriteToTensor":{"count":6899,"self":9.1097944,"total":9.1097947,"children":null}}},"AcademyStep":{"count":6899,"self":0.0300699,"total":0.0300699,"children":null},"AgentAct":{"count":6899,"self":0.048164099999999994,"total":0.048164099999999994,"children":null}}}