{"count":1,"self":7.710724,"total":26.0696789,"children":{"AgentResetIfDone":{"count":855,"self":0.0089964,"total":0.0089964,"children":null},"AgentSendState":{"count":855,"self":0.0160242,"total":0.017022199999999998,"children":{"CollectObservations":{"count":855,"self":0.000998,"total":0.000998,"children":null}}},"DecideAction":{"count":855,"self":11.707288,"total":18.3040843,"children":{"RenderTexSensor.GetCompressedObservation":{"count":8550,"self":6.5967959999999994,"total":6.5967962,"children":null}}},"AcademyStep":{"count":855,"self":0.0029836999999999997,"total":0.0029836999999999997,"children":null},"AgentAct":{"count":855,"self":0.0238689,"total":0.0238689,"children":null}}}