{"count":1,"self":51.9835456,"total":180.77119209999998,"children":{"AgentResetIfDone":{"count":7198,"self":0.0752809,"total":0.0752809,"children":null},"AgentSendState":{"count":7198,"self":0.1543777,"total":0.1982488,"children":{"CollectObservations":{"count":7198,"self":0.043871099999999996,"total":0.043871099999999996,"children":null}}},"DecideAction":{"count":7198,"self":111.0212864,"total":128.1289581,"children":{"RenderTexSensor.GetCompressedObservation":{"count":7198,"self":17.1076656,"total":17.107666299999998,"children":null}}},"AcademyStep":{"count":7198,"self":0.0361986,"total":0.0361986,"children":null},"AgentAct":{"count":7198,"self":0.34796089999999996,"total":0.34796089999999996,"children":null}}}