{"count":1,"self":15.073550399999998,"total":19.476318199999998,"children":{"AgentResetIfDone":{"count":921,"self":0,"total":0,"children":null},"AgentSendState":{"count":921,"self":0.0020009999999999997,"total":0.0020009999999999997,"children":{"CollectObservations":{"count":921,"self":0,"total":0,"children":null}}},"DecideAction":{"count":921,"self":3.601676,"total":4.3558154999999994,"children":{"RenderTexSensor.GetCompressedObservation":{"count":921,"self":0.7541395,"total":0.7541395,"children":null}}},"AcademyStep":{"count":921,"self":0.0059761,"total":0.0059761,"children":null},"AgentAct":{"count":921,"self":0.0379758,"total":0.0379758,"children":null}}}