{"count":1,"self":17.79488,"total":106.4615783,"children":{"AgentResetIfDone":{"count":2190,"self":0.0270849,"total":0.0270849,"children":null},"AgentSendState":{"count":2190,"self":0.045824,"total":0.0528832,"children":{"CollectObservations":{"count":2190,"self":0.0070592,"total":0.0070592,"children":null}}},"DecideAction":{"count":2190,"self":61.2341632,"total":88.519097,"children":{"RenderTexSensor.GetCompressedObservation":{"count":43800,"self":27.2849312,"total":27.284932599999998,"children":null}}},"AcademyStep":{"count":2190,"self":0.0029294,"total":0.0029294,"children":null},"AgentAct":{"count":2190,"self":0.063704,"total":0.063704,"children":null}}}