{"count":1,"self":36.0365216,"total":69.6713041,"children":{"AgentResetIfDone":{"count":3421,"self":0.015948,"total":0.015948,"children":null},"AgentSendState":{"count":3421,"self":1.2648880999999998,"total":33.4084979,"children":{"CollectObservations":{"count":3421,"self":0,"total":0,"children":null},"RenderTexSensor.GetCompressedObservation":{"count":68420,"self":32.1436096,"total":32.1436098,"children":null}}},"DecideAction":{"count":3421,"self":0.032784799999999996,"total":0.032784799999999996,"children":null},"AcademyStep":{"count":3421,"self":0.011006,"total":0.011006,"children":null},"AgentAct":{"count":3421,"self":0.165548,"total":0.165548,"children":null}}}