{"count":1,"self":29.1276384,"total":54.5901895,"children":{"AgentResetIfDone":{"count":2662,"self":0.0019836999999999997,"total":0.0019836999999999997,"children":null},"AgentSendState":{"count":2662,"self":0.968391,"total":25.329535099999998,"children":{"CollectObservations":{"count":2662,"self":0.001972,"total":0.001972,"children":null},"RenderTexSensor.GetCompressedObservation":{"count":55902,"self":24.3591728,"total":24.3591721,"children":null}}},"DecideAction":{"count":2662,"self":0.0150081,"total":0.0150081,"children":null},"AcademyStep":{"count":2662,"self":0.0029877,"total":0.0029877,"children":null},"AgentAct":{"count":2662,"self":0.11203579999999999,"total":0.11203579999999999,"children":null}}}