{"count":1,"self":4224.468992,"total":19704.8706255,"children":{"AgentResetIfDone":{"count":600002,"self":6.2237816,"total":6.2237814999999994,"children":null},"AgentSendState":{"count":600002,"self":13.792256,"total":16.3378993,"children":{"CollectObservations":{"count":600002,"self":2.5456428,"total":2.5456428,"children":null}}},"DecideAction":{"count":600002,"self":13082.5396224,"total":15433.6063892,"children":{"AgentInfo.ToProto":{"count":600002,"self":90.280883199999991,"total":2351.0667976,"children":{"RenderTexSensor.GetCompressedObservation":{"count":6000020,"self":2260.7859712,"total":2260.7859146,"children":null}}}}},"AcademyStep":{"count":600002,"self":2.1318433999999997,"total":2.1318433999999997,"children":null},"AgentAct":{"count":600002,"self":22.1007392,"total":22.1007393,"children":null}}}