{"count":1,"self":26.547158399999997,"total":87.535749799999991,"children":{"AgentResetIfDone":{"count":3616,"self":0.046907,"total":0.046907,"children":null},"AgentSendState":{"count":3616,"self":0.0739809,"total":0.097943599999999992,"children":{"CollectObservations":{"count":3616,"self":0.0239627,"total":0.0239627,"children":null}}},"DecideAction":{"count":3616,"self":51.7661696,"total":60.761194499999995,"children":{"RenderTexSensor.GetCompressedObservation":{"count":3616,"self":8.9950248,"total":8.9950247,"children":null}}},"AcademyStep":{"count":3616,"self":0.0090928,"total":0.0090928,"children":null},"AgentAct":{"count":3616,"self":0.0714554,"total":0.0714554,"children":null}}}