{"count":1,"self":307.3755136,"total":7258.8022071,"children":{"AgentResetIfDone":{"count":41156,"self":0.4841643,"total":0.4841643,"children":null},"AgentSendState":{"count":41156,"self":1.1832487999999999,"total":1.3789989999999999,"children":{"CollectObservations":{"count":41156,"self":0.19575019999999999,"total":0.19575019999999999,"children":null}}},"DecideAction":{"count":41156,"self":6668.6349311999993,"total":6947.7290076,"children":{"AgentInfo.ToProto":{"count":41156,"self":12.167828799999999,"total":279.0942635,"children":{"RenderTexSensor.GetCompressedObservation":{"count":823120,"self":266.9264384,"total":266.9264349,"children":null}}}}},"AcademyStep":{"count":41156,"self":0.16600779999999998,"total":0.16600779999999998,"children":null},"AgentAct":{"count":41156,"self":1.6675255,"total":1.6675255,"children":null}}}