{"count":1,"self":4494.3638528,"total":16084.155188199999,"children":{"AgentResetIfDone":{"count":452986,"self":1.3173584,"total":1.3173584,"children":null},"AgentSendState":{"count":452986,"self":2.8980892,"total":3.6412153999999997,"children":{"CollectObservations":{"count":452986,"self":0.7431262,"total":0.7431262,"children":null}}},"DecideAction":{"count":452986,"self":11358.753587199999,"total":11575.2967896,"children":{"AgentInfo.ToProto":{"count":452986,"self":11.4397728,"total":216.5430428,"children":{"RenderTexSensor.GetCompressedObservation":{"count":452986,"self":205.10327039999999,"total":205.10326999999998,"children":null}}}}},"AcademyStep":{"count":452986,"self":1.3215637999999998,"total":1.3215637999999998,"children":null},"AgentAct":{"count":452986,"self":8.2125392,"total":8.2125396,"children":null}}}