{"count":1,"self":3478.3670272,"total":13593.0473651,"children":{"AgentResetIfDone":{"count":389151,"self":1.7270303999999999,"total":1.7270305,"children":null},"AgentSendState":{"count":389151,"self":3.8788055999999997,"total":4.8302249,"children":{"CollectObservations":{"count":389151,"self":0.95141939999999992,"total":0.95141939999999992,"children":null}}},"DecideAction":{"count":389151,"self":9919.156224,"total":10088.5283452,"children":{"AgentInfo.ToProto":{"count":389151,"self":13.7398352,"total":169.37178029999998,"children":{"RenderTexSensor.GetCompressedObservation":{"count":389151,"self":155.6319488,"total":155.6319447,"children":null}}}}},"AcademyStep":{"count":389151,"self":1.4767375999999999,"total":1.4767375999999999,"children":null},"AgentAct":{"count":389151,"self":18.1171056,"total":18.1171051,"children":null}}}