{"count":1,"self":277.7392384,"total":13058.7940888,"children":{"AgentResetIfDone":{"count":36943,"self":0.41555739999999997,"total":0.41555739999999997,"children":null},"AgentSendState":{"count":36943,"self":0.99647239999999992,"total":1.1884861,"children":{"CollectObservations":{"count":36943,"self":0.19201369999999998,"total":0.19201369999999998,"children":null}}},"DecideAction":{"count":36943,"self":12544.4759552,"total":12777.4064224,"children":{"AgentInfo.ToProto":{"count":36943,"self":10.0892904,"total":232.9302416,"children":{"RenderTexSensor.GetCompressedObservation":{"count":738860,"self":222.84096,"total":222.840951,"children":null}}}}},"AcademyStep":{"count":36943,"self":0.1485799,"total":0.1485799,"children":null},"AgentAct":{"count":36943,"self":1.8947999999999998,"total":1.8948000999999999,"children":null}}}