{"count":1,"self":753.8912768,"total":10291.0206452,"children":{"AgentResetIfDone":{"count":100081,"self":0.9391162,"total":0.9391162,"children":null},"AgentSendState":{"count":100081,"self":1.9827515999999998,"total":2.3062587999999997,"children":{"CollectObservations":{"count":100081,"self":0.3235073,"total":0.3235073,"children":null}}},"DecideAction":{"count":100081,"self":9488.3831808,"total":9530.3836228,"children":{"AgentInfo.ToProto":{"count":100081,"self":3.1878607999999997,"total":42.0006272,"children":{"RenderTexSensor.GetCompressedObservation":{"count":100081,"self":38.8127648,"total":38.8127663,"children":null}}}}},"AcademyStep":{"count":100081,"self":0.35809209999999997,"total":0.35809209999999997,"children":null},"AgentAct":{"count":100081,"self":3.1412847999999998,"total":3.1412849,"children":null}}}