{"count":1,"self":690.9161984,"total":8972.7183687,"children":{"AgentResetIfDone":{"count":89187,"self":0.6182399,"total":0.6182399,"children":null},"AgentSendState":{"count":89187,"self":1.2238843,"total":1.4508896,"children":{"CollectObservations":{"count":89187,"self":0.2270053,"total":0.2270053,"children":null}}},"DecideAction":{"count":89187,"self":8243.052544,"total":8276.2992881,"children":{"AgentInfo.ToProto":{"count":89187,"self":2.2136747999999997,"total":33.2471422,"children":{"RenderTexSensor.GetCompressedObservation":{"count":89187,"self":31.033468799999998,"total":31.033467299999998,"children":null}}}}},"AcademyStep":{"count":89187,"self":0.3255936,"total":0.3255936,"children":null},"AgentAct":{"count":89187,"self":3.1071706,"total":3.1071706,"children":null}}}