{"count":1,"self":5881.8625536,"total":13904.9704214,"children":{"AgentResetIfDone":{"count":600002,"self":0.63946839999999994,"total":0.63946839999999994,"children":null},"AgentSendState":{"count":600002,"self":1.7719132,"total":2.1179243999999997,"children":{"CollectObservations":{"count":600002,"self":0.34601109999999996,"total":0.34601109999999996,"children":null}}},"DecideAction":{"count":600002,"self":7673.6372735999994,"total":7996.3369237,"children":{"AgentInfo.ToProto":{"count":600002,"self":21.663804799999998,"total":322.69952509999996,"children":{"RenderTexSensor.GetCompressedObservation":{"count":600002,"self":301.03572479999997,"total":301.0357202,"children":null}}}}},"AcademyStep":{"count":600002,"self":2.4907011999999997,"total":2.4907011999999997,"children":null},"AgentAct":{"count":600002,"self":21.5217632,"total":21.521762499999998,"children":null}}}