{"count":1,"self":4103.4682367999994,"total":20474.7670158,"children":{"AgentResetIfDone":{"count":600002,"self":6.1612632,"total":6.1612633999999993,"children":null},"AgentSendState":{"count":600002,"self":13.4197096,"total":15.8903775,"children":{"CollectObservations":{"count":600002,"self":2.4706677999999997,"total":2.4706677999999997,"children":null}}},"DecideAction":{"count":600002,"self":13889.5704064,"total":16322.1133041,"children":{"AgentInfo.ToProto":{"count":600002,"self":100.3396544,"total":2432.5424264,"children":{"RenderTexSensor.GetCompressedObservation":{"count":6000020,"self":2332.2028032,"total":2332.2027739,"children":null}}}}},"AcademyStep":{"count":600002,"self":2.2367475999999997,"total":2.2367475999999997,"children":null},"AgentAct":{"count":600002,"self":24.8961728,"total":24.8961732,"children":null}}}