{"count":1,"self":55.44912,"total":55.810030499999996,"children":{"AgentResetIfDone":{"count":2741,"self":0.0823913,"total":0.0823913,"children":null},"AgentSendState":{"count":2741,"self":0.0993131,"total":0.1288717,"children":{"CollectObservations":{"count":2741,"self":0.029558599999999997,"total":0.029558599999999997,"children":null}}},"DecideAction":{"count":2741,"self":0.0373181,"total":0.0373181,"children":null},"AcademyStep":{"count":2741,"self":0.013720399999999999,"total":0.013720399999999999,"children":null},"AgentAct":{"count":2741,"self":0.0976104,"total":0.0976104,"children":null}}}