{"count":1,"self":46.7727648,"total":59.937056299999995,"children":{"AgentResetIfDone":{"count":2813,"self":0.0099779,"total":0.0099779,"children":null},"AgentSendState":{"count":2813,"self":0.0246732,"total":0.027672699999999998,"children":{"CollectObservations":{"count":2813,"self":0.0029995,"total":0.0029995,"children":null}}},"DecideAction":{"count":2813,"self":8.60722,"total":13.077516699999999,"children":{"CameraSensor.WriteToTensor":{"count":2813,"self":4.4702968,"total":4.4702967,"children":null}}},"AcademyStep":{"count":2813,"self":0.020235799999999998,"total":0.020235799999999998,"children":null},"AgentAct":{"count":2813,"self":0.0278879,"total":0.0278879,"children":null}}}