{"count":1,"self":62.5601536,"total":84.3237755,"children":{"AgentResetIfDone":{"count":3558,"self":0.0059851999999999995,"total":0.0059851999999999995,"children":null},"AgentSendState":{"count":3558,"self":0.0198291,"total":0.0228132,"children":{"CollectObservations":{"count":3558,"self":0.0029841,"total":0.0029841,"children":null}}},"DecideAction":{"count":3558,"self":18.0592336,"total":21.597486,"children":{"RenderTexSensor.GetCompressedObservation":{"count":3558,"self":3.5382528,"total":3.5382526999999997,"children":null}}},"AcademyStep":{"count":3558,"self":0.020897,"total":0.020897,"children":null},"AgentAct":{"count":3558,"self":0.1154419,"total":0.1154419,"children":null}}}