{"count":1,"self":32.2093408,"total":32.2485261,"children":{"AgentResetIfDone":{"count":1576,"self":0.0048744999999999995,"total":0.0048744999999999995,"children":null},"AgentSendState":{"count":1576,"self":0.0039463,"total":0.0048889,"children":{"CollectObservations":{"count":1576,"self":0.00094259999999999993,"total":0.00094259999999999993,"children":null}}},"DecideAction":{"count":1576,"self":0.0048991,"total":0.0048991,"children":null},"AcademyStep":{"count":1576,"self":0,"total":0,"children":null},"AgentAct":{"count":1576,"self":0.023521999999999998,"total":0.023521999999999998,"children":null}}}