{"count":1,"self":32.9269184,"total":34.544567199999996,"children":{"AgentResetIfDone":{"count":1687,"self":0.00098399999999999985,"total":0.00098399999999999985,"children":null},"AgentSendState":{"count":1687,"self":0.003998,"total":0.004996,"children":{"CollectObservations":{"count":1687,"self":0.000998,"total":0.000998,"children":null}}},"DecideAction":{"count":1687,"self":0,"total":0,"children":null},"AcademyStep":{"count":1687,"self":0,"total":0,"children":null},"AgentAct":{"count":1687,"self":1.6096697999999998,"total":1.6096697999999998,"children":null}}}