{"count":1,"self":43.8590624,"total":43.922536,"children":{"AgentResetIfDone":{"count":2150,"self":0.0029445,"total":0.0029445,"children":null},"AgentSendState":{"count":2150,"self":0.0049575,"total":0.0059438999999999994,"children":{"CollectObservations":{"count":2150,"self":0.0009864,"total":0.0009864,"children":null}}},"DecideAction":{"count":2150,"self":0.0019630999999999997,"total":0.0019630999999999997,"children":null},"AcademyStep":{"count":2150,"self":0,"total":0,"children":null},"AgentAct":{"count":2150,"self":0.051621799999999995,"total":0.051621799999999995,"children":null}}}