{"count":1,"self":5128.251392,"total":17663.5032394,"children":{"AgentResetIfDone":{"count":498267,"self":2.295984,"total":2.2959839,"children":null},"AgentSendState":{"count":498267,"self":4.8302352,"total":6.0706732,"children":{"CollectObservations":{"count":498267,"self":1.2404378999999999,"total":1.2404378999999999,"children":null}}},"DecideAction":{"count":498267,"self":12319.4335232,"total":12501.729107899999,"children":{"AgentInfo.ToProto":{"count":498267,"self":15.218268799999999,"total":182.29557499999999,"children":{"RenderTexSensor.GetCompressedObservation":{"count":498267,"self":167.077312,"total":167.077307,"children":null}}}}},"AcademyStep":{"count":498267,"self":1.768322,"total":1.7683221,"children":null},"AgentAct":{"count":498267,"self":23.3869136,"total":23.3869138,"children":null}}}