{"count":1,"self":15.4216032,"total":73.103488099999993,"children":{"AgentResetIfDone":{"count":1795,"self":0.0179256,"total":0.0179256,"children":null},"AgentSendState":{"count":1795,"self":0.036993899999999996,"total":0.0499619,"children":{"CollectObservations":{"count":1795,"self":0.012967999999999999,"total":0.012967999999999999,"children":null}}},"DecideAction":{"count":1795,"self":36.1592416,"total":57.5034456,"children":{"RenderTexSensor.GetCompressedObservation":{"count":35900,"self":21.3442032,"total":21.344202499999998,"children":null}}},"AcademyStep":{"count":1795,"self":0.012947,"total":0.012947,"children":null},"AgentAct":{"count":1795,"self":0.096606199999999989,"total":0.096606199999999989,"children":null}}}