{"count":1,"self":120.2010112,"total":176.9383014,"children":{"AgentResetIfDone":{"count":7989,"self":0.013897999999999999,"total":0.013897999999999999,"children":null},"AgentSendState":{"count":7989,"self":0.055531899999999995,"total":0.0655361,"children":{"CollectObservations":{"count":7989,"self":0.0100042,"total":0.0100042,"children":null}}},"DecideAction":{"count":7989,"self":46.9992416,"total":56.5643518,"children":{"CameraSensor.WriteToTensor":{"count":7989,"self":9.5651104,"total":9.5651105,"children":null}}},"AcademyStep":{"count":7989,"self":0.0422096,"total":0.0422096,"children":null},"AgentAct":{"count":7989,"self":0.0502959,"total":0.0502959,"children":null}}}