{"count":1,"self":2.295935,"total":2.4164475,"children":{"AgentResetIfDone":{"count":98,"self":0.0009995,"total":0.0009995,"children":null},"AgentSendState":{"count":98,"self":0.0099776999999999991,"total":0.1115269,"children":{"CollectObservations":{"count":98,"self":0.0009995,"total":0.0009995,"children":null},"RenderTexSensor.GetCompressedObservation":{"count":98,"self":0.10054969999999999,"total":0.10054969999999999,"children":null}}},"DecideAction":{"count":98,"self":0.0010123999999999999,"total":0.0010123999999999999,"children":null},"AcademyStep":{"count":98,"self":0,"total":0,"children":null},"AgentAct":{"count":98,"self":0.0059748,"total":0.0059748,"children":null}}}