{"count":1,"self":1281.384448,"total":2394.4889279,"children":{"AgentResetIfDone":{"count":94297,"self":0.3069474,"total":0.3069474,"children":null},"AgentSendState":{"count":94297,"self":0.6027897,"total":0.729502,"children":{"CollectObservations":{"count":94297,"self":0.1267123,"total":0.1267123,"children":null}}},"DecideAction":{"count":94297,"self":1106.0923392,"total":1106.7299461999999,"children":{"AgentInfo.ToProto":{"count":94297,"self":0.6376212,"total":0.6376212,"children":null}}},"AcademyStep":{"count":94297,"self":0.42910339999999997,"total":0.42910339999999997,"children":null},"AgentAct":{"count":94297,"self":4.9079424,"total":4.9079422,"children":null}}}