{"count":1,"self":745.716224,"total":780.52226799999994,"children":{"AgentResetIfDone":{"count":902,"self":0.011965499999999999,"total":0.011965499999999999,"children":null},"AgentSendState":{"count":902,"self":0.021872,"total":0.028851699999999997,"children":{"CollectObservations":{"count":902,"self":0.0069796999999999993,"total":0.0069796999999999993,"children":null}}},"DecideAction":{"count":902,"self":24.844364799999997,"total":34.7140913,"children":{"RenderTexSensor.GetCompressedObservation":{"count":18040,"self":9.8697272,"total":9.869727,"children":null}}},"AcademyStep":{"count":902,"self":0.0068376,"total":0.0068376,"children":null},"AgentAct":{"count":902,"self":0.043278899999999995,"total":0.043278899999999995,"children":null}}}