{"count":1,"self":8.8101504,"total":8.8740943999999988,"children":{"AgentResetIfDone":{"count":416,"self":0.0116861,"total":0.0116861,"children":null},"AgentSendState":{"count":416,"self":0.015761,"total":0.0197308,"children":{"CollectObservations":{"count":416,"self":0.0039698,"total":0.0039698,"children":null}}},"DecideAction":{"count":416,"self":0.0097883,"total":0.0097883,"children":null},"AcademyStep":{"count":416,"self":0.0059407,"total":0.0059407,"children":null},"AgentAct":{"count":416,"self":0.0157982,"total":0.0157982,"children":null}}}