{"count":1,"self":124.0973312,"total":198.0881746,"children":{"AgentResetIfDone":{"count":9731,"self":0.022798099999999998,"total":0.022798099999999998,"children":null},"AgentSendState":{"count":9731,"self":0.08322149999999999,"total":0.0971595,"children":{"CollectObservations":{"count":9731,"self":0.013937999999999999,"total":0.013937999999999999,"children":null}}},"DecideAction":{"count":9731,"self":59.3754176,"total":70.3322957,"children":{"CameraSensor.WriteToTensor":{"count":9731,"self":10.9568768,"total":10.9568771,"children":null}}},"AcademyStep":{"count":9731,"self":0.044226,"total":0.044226,"children":null},"AgentAct":{"count":9731,"self":3.4933692,"total":3.4933693,"children":null}}}