{"count":1,"self":8.4116736,"total":8.4216335,"children":{"AgentResetIfDone":{"count":396,"self":0.0019756,"total":0.0019756,"children":null},"AgentSendState":{"count":396,"self":0.00098979999999999988,"total":0.00098979999999999988,"children":{"CollectObservations":{"count":396,"self":0,"total":0,"children":null}}},"DecideAction":{"count":396,"self":0.0010042999999999999,"total":0.0010042999999999999,"children":null},"AcademyStep":{"count":396,"self":0,"total":0,"children":null},"AgentAct":{"count":396,"self":0.0039913,"total":0.0039913,"children":null}}}