{"count":1,"self":135.4089344,"total":143.096297,"children":{"AgentResetIfDone":{"count":6641,"self":0.0239802,"total":0.0239802,"children":null},"AgentSendState":{"count":6641,"self":0.9175567,"total":6.9359248,"children":{"CollectObservations":{"count":6641,"self":0.011987099999999999,"total":0.011987099999999999,"children":null},"RenderTexSensor.GetCompressedObservation":{"count":6641,"self":6.0063808,"total":6.0063809999999993,"children":null}}},"DecideAction":{"count":6641,"self":0.07500119999999999,"total":0.07500119999999999,"children":null},"AcademyStep":{"count":6641,"self":0.038944099999999995,"total":0.038944099999999995,"children":null},"AgentAct":{"count":6641,"self":0.61151579999999994,"total":0.61151579999999994,"children":null}}}