{"count":1,"self":76.1997888,"total":94.2477064,"children":{"AgentResetIfDone":{"count":4639,"self":0.0039585,"total":0.0039585,"children":null},"AgentSendState":{"count":4639,"self":0.0098231999999999989,"total":0.010816,"children":{"CollectObservations":{"count":4639,"self":0.0009928,"total":0.0009928,"children":null}}},"DecideAction":{"count":4639,"self":11.7134536,"total":17.893717799999997,"children":{"RenderTexSensor.GetCompressedObservation":{"count":4639,"self":6.1802639999999993,"total":6.1802639,"children":null}}},"AcademyStep":{"count":4639,"self":0.0279202,"total":0.0279202,"children":null},"AgentAct":{"count":4639,"self":0.11050309999999999,"total":0.11050309999999999,"children":null}}}