{"count":1,"self":26.322532799999998,"total":26.3444589,"children":{"AgentResetIfDone":{"count":846,"self":0.0019989,"total":0.0019989,"children":null},"AgentSendState":{"count":846,"self":0.00099969999999999985,"total":0.0019990999999999997,"children":{"CollectObservations":{"count":846,"self":0.0009994,"total":0.0009994,"children":null}}},"DecideAction":{"count":846,"self":0.0009994,"total":0.0009994,"children":null},"AcademyStep":{"count":846,"self":0,"total":0,"children":null},"AgentAct":{"count":846,"self":0.0159339,"total":0.0159339,"children":null}}}