{"count":1,"self":4926.80192,"total":9402.4178147,"children":{"AgentResetIfDone":{"count":432459,"self":0.248004,"total":0.248004,"children":null},"AgentSendState":{"count":432459,"self":0.646241,"total":0.7261576,"children":{"CollectObservations":{"count":432459,"self":0.07991659999999999,"total":0.07991659999999999,"children":null}}},"DecideAction":{"count":432459,"self":4214.0459008,"total":4454.8189501,"children":{"AgentInfo.ToProto":{"count":432459,"self":18.62016,"total":240.7729028,"children":{"RenderTexSensor.GetCompressedObservation":{"count":432459,"self":222.1527552,"total":222.15274269999998,"children":null}}}}},"AcademyStep":{"count":432459,"self":1.6877875999999998,"total":1.6877875999999998,"children":null},"AgentAct":{"count":432459,"self":18.1340176,"total":18.134018299999997,"children":null}}}