{"count":1,"self":2.3837606,"total":5.934809,"children":{"AgentResetIfDone":{"count":211,"self":0.0026774999999999998,"total":0.0026774999999999998,"children":null},"AgentSendState":{"count":211,"self":0.0078751999999999989,"total":0.0078751999999999989,"children":{"CollectObservations":{"count":211,"self":0,"total":0,"children":null}}},"DecideAction":{"count":211,"self":3.0916251999999997,"total":3.5324475,"children":{"RenderTexSensor.GetCompressedObservation":{"count":211,"self":0.4408222,"total":0.4408222,"children":null}}},"AcademyStep":{"count":211,"self":0,"total":0,"children":null},"AgentAct":{"count":211,"self":0.0070497,"total":0.0070497,"children":null}}}