{"count":1,"self":105.03615359999999,"total":105.1426226,"children":{"AgentResetIfDone":{"count":5110,"self":0.0067639,"total":0.0067639,"children":null},"AgentSendState":{"count":5110,"self":0.0058623,"total":0.011938899999999999,"children":{"CollectObservations":{"count":5110,"self":0.0060766,"total":0.0060766,"children":null}}},"DecideAction":{"count":5110,"self":0.0088238,"total":0.0088238,"children":null},"AcademyStep":{"count":5110,"self":0.0019549,"total":0.0019549,"children":null},"AgentAct":{"count":5110,"self":0.0759915,"total":0.0759915,"children":null}}}