{"count":1,"self":3052.3379712,"total":5654.1256477,"children":{"AgentResetIfDone":{"count":223505,"self":0.6023963,"total":0.6023963,"children":null},"AgentSendState":{"count":223505,"self":1.2369059999999998,"total":1.5117488,"children":{"CollectObservations":{"count":223505,"self":0.2748428,"total":0.2748428,"children":null}}},"DecideAction":{"count":223505,"self":2585.346048,"total":2586.7724593999997,"children":{"AgentInfo.ToProto":{"count":223505,"self":1.4263542,"total":1.4263542,"children":null}}},"AcademyStep":{"count":223505,"self":0.96524309999999991,"total":0.96524309999999991,"children":null},"AgentAct":{"count":223505,"self":11.934816,"total":11.9348162,"children":null}}}