{"count":1,"self":25.1135248,"total":82.3080892,"children":{"AgentResetIfDone":{"count":3371,"self":0.0299671,"total":0.0299671,"children":null},"AgentSendState":{"count":3371,"self":0.0720455,"total":0.083029999999999993,"children":{"CollectObservations":{"count":3371,"self":0.0109845,"total":0.0109845,"children":null}}},"DecideAction":{"count":3371,"self":48.9227904,"total":56.9489539,"children":{"RenderTexSensor.GetCompressedObservation":{"count":3371,"self":8.026164,"total":8.0261637,"children":null}}},"AcademyStep":{"count":3371,"self":0.016128899999999998,"total":0.016128899999999998,"children":null},"AgentAct":{"count":3371,"self":0.1154851,"total":0.1154851,"children":null}}}