{"count":1,"self":22.751839999999998,"total":24.895077399999998,"children":{"AgentResetIfDone":{"count":324,"self":0.0009887,"total":0.0009887,"children":null},"AgentSendState":{"count":324,"self":0.0030082999999999998,"total":0.0030082999999999998,"children":{"CollectObservations":{"count":324,"self":0,"total":0,"children":null}}},"DecideAction":{"count":324,"self":1.6621473,"total":2.1242948999999998,"children":{"RenderTexSensor.GetCompressedObservation":{"count":324,"self":0.4621476,"total":0.4621476,"children":null}}},"AcademyStep":{"count":324,"self":0,"total":0,"children":null},"AgentAct":{"count":324,"self":0.0139472,"total":0.0139472,"children":null}}}