{"count":1,"self":38.8653056,"total":38.899091999999996,"children":{"AgentResetIfDone":{"count":1871,"self":0.0039534999999999995,"total":0.0039534999999999995,"children":null},"AgentSendState":{"count":1871,"self":0.0049883,"total":0.0079560999999999989,"children":{"CollectObservations":{"count":1871,"self":0.0029678,"total":0.0029678,"children":null}}},"DecideAction":{"count":1871,"self":0.000982,"total":0.000982,"children":null},"AcademyStep":{"count":1871,"self":0.001993,"total":0.001993,"children":null},"AgentAct":{"count":1871,"self":0.0179022,"total":0.0179022,"children":null}}}