{"count":1,"self":31.8354432,"total":39.265104199999996,"children":{"AgentResetIfDone":{"count":1861,"self":0.0049745,"total":0.0049745,"children":null},"AgentSendState":{"count":1861,"self":0.0069406,"total":0.0079364999999999991,"children":{"CollectObservations":{"count":1861,"self":0.00099589999999999987,"total":0.00099589999999999987,"children":null}}},"DecideAction":{"count":1861,"self":4.6931972,"total":7.3590069,"children":{"RenderTexSensor.GetCompressedObservation":{"count":1861,"self":2.6658096,"total":2.6658096,"children":null}}},"AcademyStep":{"count":1861,"self":0.0029974999999999997,"total":0.0029974999999999997,"children":null},"AgentAct":{"count":1861,"self":0.0547441,"total":0.0547441,"children":null}}}