{"count":1,"self":228.47457279999998,"total":327.8209674,"children":{"AgentResetIfDone":{"count":13877,"self":0.0596282,"total":0.0596282,"children":null},"AgentSendState":{"count":13877,"self":0.10799099999999999,"total":0.1301297,"children":{"CollectObservations":{"count":13877,"self":0.022138699999999997,"total":0.022138699999999997,"children":null}}},"DecideAction":{"count":13877,"self":62.922272,"total":98.5757433,"children":{"RenderTexSensor.GetCompressedObservation":{"count":34507,"self":31.886422399999997,"total":31.886421199999997,"children":null},"CameraSensor.WriteToTensor":{"count":2434,"self":3.7670508,"total":3.7670507,"children":null}}},"AcademyStep":{"count":13877,"self":0.0757017,"total":0.0757017,"children":null},"AgentAct":{"count":13877,"self":0.5042032,"total":0.5042032,"children":null}}}