{"count":1,"self":84.7687808,"total":104.54656419999999,"children":{"AgentResetIfDone":{"count":4015,"self":0.0019489,"total":0.0019489,"children":null},"AgentSendState":{"count":4015,"self":0.0079043,"total":0.0098824,"children":{"CollectObservations":{"count":4015,"self":0.0019781,"total":0.0019781,"children":null}}},"DecideAction":{"count":4015,"self":14.016198399999999,"total":19.579904,"children":{"RenderTexSensor.GetCompressedObservation":{"count":4015,"self":5.5637064,"total":5.5637064,"children":null}}},"AcademyStep":{"count":4015,"self":0.0298777,"total":0.0298777,"children":null},"AgentAct":{"count":4015,"self":0.1551711,"total":0.1551711,"children":null}}}