{"count":1,"self":2511.1883776,"total":8088.2474472999993,"children":{"AgentResetIfDone":{"count":220432,"self":0.9643883,"total":0.9643883,"children":null},"AgentSendState":{"count":220432,"self":1.9239595999999999,"total":2.3844851,"children":{"CollectObservations":{"count":220432,"self":0.4605256,"total":0.4605256,"children":null}}},"DecideAction":{"count":220432,"self":5482.8486656,"total":5564.7196718,"children":{"AgentInfo.ToProto":{"count":220432,"self":6.0489283999999994,"total":81.8709138,"children":{"RenderTexSensor.GetCompressedObservation":{"count":220432,"self":75.821984,"total":75.8219855,"children":null}}}}},"AcademyStep":{"count":220432,"self":0.8355125,"total":0.8355125,"children":null},"AgentAct":{"count":220432,"self":8.1539568,"total":8.153956899999999,"children":null}}}