{"count":1,"self":25.094078399999997,"total":26.2467647,"children":{"AgentResetIfDone":{"count":1269,"self":0.045800999999999994,"total":0.045800999999999994,"children":null},"AgentSendState":{"count":1269,"self":0.0422913,"total":0.058969999999999995,"children":{"CollectObservations":{"count":1269,"self":0.016678699999999998,"total":0.016678699999999998,"children":null}}},"DecideAction":{"count":1269,"self":0.020626,"total":0.020626,"children":null},"AcademyStep":{"count":1269,"self":0.0088754,"total":0.0088754,"children":null},"AgentAct":{"count":1269,"self":1.0174134,"total":1.0174134,"children":null}}}